Course Name,Course Link,Coupon,Expiration
Ukulele Essentials for Beginners,https://www.udemy.com/course/ukulele-essentials-for-beginners/,E38382ABA35956AE9906,2023-02-02
Discover the Writer Within YOU...,https://www.udemy.com/course/discover-the-writer-within-you/,JAN_23_FREE_SALE,2023-02-02
Apprenez Le Piratage Éthique : De Débutant À Expert,https://www.udemy.com/course/apprenez-le-piratage-ethique-de-debutant-a-expert/,D858B9F65A0B86E4AB26,2023-02-02
Le Guide Ultime De La Cybersécurité Pour Les Débutants,https://www.udemy.com/course/le-guide-ultime-de-la-cybersecurite-pour-les-debutants/,ED938975C77EE06E686D,2023-02-02
Analyse de données avec Pandas et Python,https://www.udemy.com/course/analyse-de-donnees-avec-pandas-et-python/,A4AA1FAF5140023E5632,2023-02-02
Docker pour les débutants [Version 2022],https://www.udemy.com/course/docker-pour-les-debutants/,78B59A3AE90313E8B225,2023-02-02
Le cours complet sur le dark web,https://www.udemy.com/course/le-cours-complet-sur-le-dark-web/,DA2274E79EF24690B2AA,2023-02-02
Java pour les débutants,https://www.udemy.com/course/java-pour-les-debutants/,9F677C3B60E4DBAF1FDF,2023-02-02
C# pour les débutants,https://www.udemy.com/course/c-pour-les-debutants/,691B9F11F00B55CFBD81,2023-02-02
Build A TodoList with ASP.NET and React Native,https://www.udemy.com/course/build-a-todolist-with-aspnet-and-react-native/,CODEBRAINS_FREE,2023-02-02
Secrets to Write a Copywriting that Sells like HOT Cakes!,https://www.udemy.com/course/secrets-to-write-a-copy-that-sells-like-crazy-freelance-copy/,COPYWRITINGGF25,2023-02-02
Solar Specialist Certification Interview Practice Test 2022,https://www.udemy.com/course/solar-specialist-certification-practice-tests-2022/,2023HNYY,2023-02-02
"Best of Content Marketing, SEO & Copywriting + 23 Templates",https://www.udemy.com/course/copywriting-2022/,LUCKYWATERRABBIT1,2023-02-02
Siemens S7-1200 PLC & HMI using TIA Portal,https://www.udemy.com/course/learn-tia-portal-from-basics/,FREE-FEB-FIRST-WEEK,2023-02-02
Copywriting & SEO for Beginners: Complete Copywriting Course,https://www.udemy.com/course/copywriting-2023/,LUCKYWATERRABBIT1,2023-02-02
[2023] Google Professional Cloud Developer Practice Exams,https://www.udemy.com/course/2023-google-professional-cloud-developer-practice-exams-new/,B24D3467F9E7696C0E36,2023-02-02
Freelance Copywriting Hack to 10X Sales Copy Conversion Rate,https://www.udemy.com/course/freelance-copywriting-hack-to-10x-sales-copy-conversion-rate/,51F9F4067FDF9DC95CC0,2023-02-02
Product Management: Zero to Hero Guide for Non-Technical PMs,https://www.udemy.com/course/non-tech-product-management/,E3C91FA7B5E13C7A011A,2023-02-02
React Guide - Build a TicTacToe App using React Native!,https://www.udemy.com/course/react-guide-build-a-tictactoe-app-using-react-native/,9E7C331D0DB6EE7FF301,2023-02-02
Sales Skills: Maximizing Sales In A Bad Economy,https://www.udemy.com/course/maximising-sales-in-an-economic-decline/,657469D06D37CEE93A7A,2023-02-02
Emotional Intelligence: Boost Your Emotional Intelligence,https://www.udemy.com/course/managing-emotions-for-higher-performance/,402283AF8423D55F3678,2023-02-02
Business Model Innovation For Brand Growth,https://www.udemy.com/course/part-1-business-innovation-for-brand-growth/,927F380019E94572C5C9,2023-02-02
Entrepreneurship Essentials With Junior Ogunyemi,https://www.udemy.com/course/entrepreneur-junior-ogunyemi-how-to-start-a-business-in-90-days/,567405EB77B3D7ACDD97,2023-02-02
Identify And Avoid Unconscious Bias,https://www.udemy.com/course/unconscious-bias-c/,5931964EB34A0CDC768A,2023-02-02
Die Ehe im Islam : Wie finde ich meinen Seelenpartner?,https://www.udemy.com/course/seelenpartner/,REAL.DISCOUNT,2023-02-02
"Body Language & Lie Detection: Read Body Language, Spot Lies",https://www.udemy.com/course/the-basics-of-body-language-from-tvs-human-lie-detector/,6D4E924778DFEC867538,2023-02-02
Learn German better then #duolingo,https://www.udemy.com/course/harungerman/,REAL.DISCOUNT,2023-02-02
Marriage in Islam : How to find your soulmate,https://www.udemy.com/course/soulmate/,REAL.DISCOUNT,2023-02-02
Videoscribe Whiteboard Animations : MasterClass With Project,https://www.udemy.com/course/videoscribe-whiteboard-animations-masterclass-with-project/,B2CB27EE172FDF994D01,2023-02-02
"Inizio, Sviluppo e Finale - Scrittura Creativa Vol. 9",https://www.udemy.com/course/inizio-sviluppo-e-finale-scrittura-creativa-vol-9/,84CB1B50AB97023789D8,2023-02-02
Massaggio svedese: corso completo,https://www.udemy.com/course/corso-di-massaggio-svedese-completo/,12B2D485C6642C8E029F,2023-02-02
Modern JavaScript for React JS - ES6 [2022],https://www.udemy.com/course/modern-javascript-es6-for-react-js/,FREEJAN140,2023-02-02
Cómo reclutar personal de alto rendimiento asertivamente,https://www.udemy.com/course/reclutar-asertivamente-diego-sosa/,9D4839731CB86F2F9037,2023-02-02
Deploy Infra in the Cloud using Terraform,https://www.udemy.com/course/deploy-infra-in-the-cloud-using-terraform/,E116277381080630BC3A,2023-02-02
Learn Infra as Code with Azure Bicep,https://www.udemy.com/course/learn-azure-bicep/,CE4CA07AA8C9A8CCBCC9,2023-02-02
The Android-Kotlin Development Guide,https://www.udemy.com/course/nfifedvr/,JA3-2023,2023-02-02
The Python and Django Learning Guide,https://www.udemy.com/course/wcsjwvoc/,JA3-2023,2023-02-02
The Java Learning Guide,https://www.udemy.com/course/jczsnxta/,JA3-2023,2023-02-02
The Complete Flutter Development Guide [2022 Edition],https://www.udemy.com/course/fluttercourse/,JA3-2023,2023-02-02
Python for Data Science and Machine Learning,https://www.udemy.com/course/python-science/,JA3-2023,2023-02-02
The Web Front End Learning Guide,https://www.udemy.com/course/amdbdfbs/,JA3-2023,2023-02-02
The Kotlin Learning Guide,https://www.udemy.com/course/kotlin-programming-for-beginner/,JA3-2023,2023-02-02
The PHP 8 Learning Guide [2022 Edition],https://www.udemy.com/course/php-8-guide-2021-edition/,JA3-2023,2023-02-02
The Complete Dart Learning Guide,https://www.udemy.com/course/mwurstui/,JA3-2023,2023-02-02
The C++ Learning Guide,https://www.udemy.com/course/vcojcteq/,JA3-2023,2023-02-02
SOLAR COURSE for Beginners of Solar Energy-,https://www.udemy.com/course/complete-course-for-beginners-for-solar-energy/,2023HNY,2023-02-02
Customer Research & Data-Driven Decision Making,https://www.udemy.com/course/customer-research-data-driven-decision-making/,5BBE56A1C319E4726EE5,2023-02-02
Social Media Mastery 2023| Increase Customer Conversion Rate,https://www.udemy.com/course/social-media-mastery-increase-customer-conversion-rate/,1B1CDFE64E44D614AEA1,2023-02-02
Ms Excel/Excel 2022 - The Complete Introduction to Excel,https://www.udemy.com/course/microsoft-excel-the-complete-intro/,E7F610480F873B1D3554,2023-02-02
Shopify Guide: Start your own clothing brand with Shopify,https://www.udemy.com/course/start-your-own-clothing-brand-with-shopify/,41C35E5864286EA63BDB,2023-02-02
The Art of Sampling with Ableton,https://www.udemy.com/course/the-art-of-sampling-with-ableton/,6450F45141111CFF15E3,2023-02-02
AZ-900-Microsoft Azure Fundamentals,https://www.udemy.com/course/az-900-microsoft-azure-fundamentals-2023/,3F41E3B8499BACAFD05A,2023-02-02
Master Your Priorities - Get More Done In Less Time,https://www.udemy.com/course/master-your-priorities/,64A9C32B6C7EBF008240,2023-02-02
Complete Payroll Management in Excel &TALLY ERP9 &TallyPrime,https://www.udemy.com/course/complete-payroll-management-in-microsoft-excel-tally-erp9/,PAYRJAN31,2023-02-02
Facebook Ads 2023: Launch Pro Advertising Campaigns,https://www.udemy.com/course/facebook-ads-launch-pro-advertising-campaigns/,FBADS3101,2023-02-02
B2B Cold Email Course 2023 - 5 Figure Copywriting Blueprint,https://www.udemy.com/course/b2b-cold-email-course-2022-5-figure-copywriting-blueprint/,BSBCOPYRITING53,2023-02-02
Exam C_SM100_7208 SAP Certified  Solution manager (7.2 SPS8),https://www.udemy.com/course/exam-c_sm100_7208-sap-certified-solution-manager-72-sps8/,F1A41783D3E7D0092868,2023-02-02
Aprende MATLAB de CERO a EXPERTO,https://www.udemy.com/course/aprende-matlab-de-cero-a-experto/,81D9D4874DA39477BED9,2023-02-02
Aprende SIMULINK de CERO a EXPERTO,https://www.udemy.com/course/aprende-simulink-de-cero-a-experto/,C591D5F918E1549A66BA,2023-02-02
Remote Speaking - Pro Speaking Skills in The Coronavirus Era,https://www.udemy.com/course/how-to-give-a-virtual-keynote-speech/,B60E30F8E8198F6160DF,2023-02-02
Effective In-Person & Virtual Zoom Meetings,https://www.udemy.com/course/meeting-productivity/,C5C1ED484ED30ADAE335,2023-02-02
Menopausal Economics,https://www.udemy.com/course/menopausal-economics/,ECONOMICSMEN,2023-02-02
Curso WordPress 2023:  Cómo Crear una Página Web Desde Cero,https://www.udemy.com/course/curso-wordpress-como-crear-un-blog-gratis-paso-a-paso/,WORDPRESS-GR42,2023-02-02
Oracle Primavera P6 Essentials Training,https://www.udemy.com/course/project-schedule-management-oracle-primavera-p6-foundations-training/,00210C39E5DCEF6270E7,2023-02-02
Freelance Copywriting Hack to 10X Sales Copy Conversion Rate,https://www.udemy.com/course/freelance-copywriting-hack-to-10x-sales-copy-conversion-rate/,51F9F4067FDF9DC95CC0,2023-02-02
Siemens S7-1200 PLC & HMI using TIA Portal,https://www.udemy.com/course/learn-tia-portal-from-basics/,FREE-FEB-FIRST-WEEK,2023-02-02
Copywriting & SEO for Beginners: Complete Copywriting Course,https://www.udemy.com/course/copywriting-2023/,LUCKYWATERRABBIT1,2023-02-02
"Best of Content Marketing, SEO & Copywriting + 23 Templates",https://www.udemy.com/course/copywriting-2022/,LUCKYWATERRABBIT1,2023-02-02
React Guide - Build a TicTacToe App using React Native!,https://www.udemy.com/course/react-guide-build-a-tictactoe-app-using-react-native/,9E7C331D0DB6EE7FF301,2023-02-02
Learn German better then #duolingo,https://www.udemy.com/course/harungerman/,REAL.DISCOUNT,2023-02-02
Sales Skills: Maximizing Sales In A Bad Economy,https://www.udemy.com/course/maximising-sales-in-an-economic-decline/,657469D06D37CEE93A7A,2023-02-02
Emotional Intelligence: Boost Your Emotional Intelligence,https://www.udemy.com/course/managing-emotions-for-higher-performance/,402283AF8423D55F3678,2023-02-02
Business Model Innovation For Brand Growth,https://www.udemy.com/course/part-1-business-innovation-for-brand-growth/,927F380019E94572C5C9,2023-02-02
Entrepreneurship Essentials With Junior Ogunyemi,https://www.udemy.com/course/entrepreneur-junior-ogunyemi-how-to-start-a-business-in-90-days/,567405EB77B3D7ACDD97,2023-02-02
Product Management: Zero to Hero Guide for Non-Technical PMs,https://www.udemy.com/course/non-tech-product-management/,E3C91FA7B5E13C7A011A,2023-02-02
The C++ Learning Guide,https://www.udemy.com/course/vcojcteq/,JA3-2023,2023-02-02
Ms Excel/Excel 2022 - The Complete Introduction to Excel,https://www.udemy.com/course/microsoft-excel-the-complete-intro/,E7F610480F873B1D3554,2023-02-02
Freelance Copywriting Hack to 10X Sales Copy Conversion Rate,https://www.udemy.com/course/freelance-copywriting-hack-to-10x-sales-copy-conversion-rate/,51F9F4067FDF9DC95CC0,2023-02-02
Siemens S7-1200 PLC & HMI using TIA Portal,https://www.udemy.com/course/learn-tia-portal-from-basics/,FREE-FEB-FIRST-WEEK,2023-02-02
Copywriting & SEO for Beginners: Complete Copywriting Course,https://www.udemy.com/course/copywriting-2023/,LUCKYWATERRABBIT1,2023-02-02
"Best of Content Marketing, SEO & Copywriting + 23 Templates",https://www.udemy.com/course/copywriting-2022/,LUCKYWATERRABBIT1,2023-02-02
React Guide - Build a TicTacToe App using React Native!,https://www.udemy.com/course/react-guide-build-a-tictactoe-app-using-react-native/,9E7C331D0DB6EE7FF301,2023-02-02
Learn German better then #duolingo,https://www.udemy.com/course/harungerman/,REAL.DISCOUNT,2023-02-02
Sales Skills: Maximizing Sales In A Bad Economy,https://www.udemy.com/course/maximising-sales-in-an-economic-decline/,657469D06D37CEE93A7A,2023-02-02
Emotional Intelligence: Boost Your Emotional Intelligence,https://www.udemy.com/course/managing-emotions-for-higher-performance/,402283AF8423D55F3678,2023-02-02
Business Model Innovation For Brand Growth,https://www.udemy.com/course/part-1-business-innovation-for-brand-growth/,927F380019E94572C5C9,2023-02-02
Entrepreneurship Essentials With Junior Ogunyemi,https://www.udemy.com/course/entrepreneur-junior-ogunyemi-how-to-start-a-business-in-90-days/,567405EB77B3D7ACDD97,2023-02-02
Product Management: Zero to Hero Guide for Non-Technical PMs,https://www.udemy.com/course/non-tech-product-management/,E3C91FA7B5E13C7A011A,2023-02-02
The C++ Learning Guide,https://www.udemy.com/course/vcojcteq/,JA3-2023,2023-02-02
Ms Excel/Excel 2022 - The Complete Introduction to Excel,https://www.udemy.com/course/microsoft-excel-the-complete-intro/,E7F610480F873B1D3554,2023-02-02
Freelance Copywriting Hack to 10X Sales Copy Conversion Rate,https://www.udemy.com/course/freelance-copywriting-hack-to-10x-sales-copy-conversion-rate/,51F9F4067FDF9DC95CC0,2023-02-02
Siemens S7-1200 PLC & HMI using TIA Portal,https://www.udemy.com/course/learn-tia-portal-from-basics/,FREE-FEB-FIRST-WEEK,2023-02-02
Copywriting & SEO for Beginners: Complete Copywriting Course,https://www.udemy.com/course/copywriting-2023/,LUCKYWATERRABBIT1,2023-02-02
"Best of Content Marketing, SEO & Copywriting + 23 Templates",https://www.udemy.com/course/copywriting-2022/,LUCKYWATERRABBIT1,2023-02-02
React Guide - Build a TicTacToe App using React Native!,https://www.udemy.com/course/react-guide-build-a-tictactoe-app-using-react-native/,9E7C331D0DB6EE7FF301,2023-02-02
Learn German better then #duolingo,https://www.udemy.com/course/harungerman/,REAL.DISCOUNT,2023-02-02
Sales Skills: Maximizing Sales In A Bad Economy,https://www.udemy.com/course/maximising-sales-in-an-economic-decline/,657469D06D37CEE93A7A,2023-02-02
Emotional Intelligence: Boost Your Emotional Intelligence,https://www.udemy.com/course/managing-emotions-for-higher-performance/,402283AF8423D55F3678,2023-02-02
Business Model Innovation For Brand Growth,https://www.udemy.com/course/part-1-business-innovation-for-brand-growth/,927F380019E94572C5C9,2023-02-02
Entrepreneurship Essentials With Junior Ogunyemi,https://www.udemy.com/course/entrepreneur-junior-ogunyemi-how-to-start-a-business-in-90-days/,567405EB77B3D7ACDD97,2023-02-02
